{
	"schemaVersion": 1,
	"id": "zamnclient",
	"version": "${version}",
	"name": "ZamnClient",
	"description": "This is an example description! Tell everyone what your mod is about!",
	"authors": [
		"Me!"
	],
	"contact": {
		"homepage": "https://fabricmc.net/",
		"sources": "https://github.com/FabricMC/fabric-example-mod"
	},
	"license": "CC0-1.0",
	"icon": "assets/zamnclient/icon.png",
	"environment": "*",
	"entrypoints": {
		"main": [
			"net.edgn.ExampleMod"
		]
	},
	"mixins": [
		"zamnclient.mixins.json"
	],
	"depends": {
		"fabricloader": ">=0.14.21",
		"minecraft": "~1.19.4",
		"java": ">=17",
		"fabric-api": "*"
	},
	"suggests": {
		"another-mod": "*"
	}
}